train_loss,epoch,step,val_loss
3.1599414348602295,0,49,
1.3340741395950317,0,99,
0.9052044153213501,0,149,
0.6311279535293579,0,199,
0.7492470741271973,0,249,
0.6790464520454407,0,299,
,0,312,0.6859188675880432
