train_loss,epoch,step,val_loss
2.6343765258789062,0,49,
2.593114137649536,0,99,
2.3925230503082275,0,149,
1.4506925344467163,0,199,
1.104650616645813,0,249,
0.5902013778686523,0,299,
,0,312,1.3630059957504272
0.9312188029289246,1,349,
0.1994733214378357,1,399,
0.12836405634880066,1,449,
0.26231056451797485,1,499,
1.6314810514450073,1,549,
0.12204163521528244,1,599,
,1,625,0.487964928150177
