train_loss,epoch,step,val_loss
3.085919141769409,0,49,
1.8976764678955078,0,99,
0.8011272549629211,0,149,
1.1626497507095337,0,199,
1.0851794481277466,0,249,
0.7587534785270691,0,299,
,0,312,0.6311286091804504
0.3680908977985382,1,349,
0.7530624270439148,1,399,
0.2391105592250824,1,449,
0.3542907238006592,1,499,
0.2912544012069702,1,549,
0.596294105052948,1,599,
,1,625,0.21354104578495026
