train_loss,epoch,step,val_loss
1.7656238079071045,0,49,
1.184367299079895,0,99,
2.1342968940734863,0,149,
0.7626668214797974,0,199,
0.5909463167190552,0,249,
0.4150708317756653,0,299,
,0,312,0.5292215943336487
0.38054561614990234,1,349,
0.23135757446289062,1,399,
0.11920349299907684,1,449,
0.2365616261959076,1,499,
0.1356281191110611,1,549,
0.4073319137096405,1,599,
,1,625,0.1437104344367981
