train_loss,epoch,step,val_loss
2.9470179080963135,0,49,
2.7578296661376953,0,99,
1.3935163021087646,0,149,
1.3146510124206543,0,199,
0.5237847566604614,0,249,
0.9392525553703308,0,299,
,0,312,1.2037564516067505
0.4132901728153229,1,349,
0.3846762478351593,1,399,
0.8577640652656555,1,449,
0.22931508719921112,1,499,
0.676824688911438,1,549,
0.309542715549469,1,599,
,1,625,0.2910628914833069
