train_loss,epoch,step,val_loss
5.260679244995117,0,49,
1.8832266330718994,0,99,
1.6120662689208984,0,149,
1.043817400932312,0,199,
1.261628270149231,0,249,
0.534183144569397,0,299,
,0,312,0.9408189654350281
1.929153561592102,1,349,
0.8179055452346802,1,399,
0.2764646112918854,1,449,
0.5754945278167725,1,499,
0.318581223487854,1,549,
0.16639508306980133,1,599,
,1,625,0.19931089878082275
