train_loss,epoch,step,val_loss
3.6968581676483154,0,49,
2.524932384490967,0,99,
1.2018221616744995,0,149,
1.0336939096450806,0,199,
0.72091144323349,0,249,
0.7422264814376831,0,299,
,0,312,0.2554236352443695
0.4614522457122803,1,349,
0.2697611451148987,1,399,
0.14612528681755066,1,449,
0.17473694682121277,1,499,
0.13013073801994324,1,549,
0.19429348409175873,1,599,
,1,625,0.11362969130277634
