train_loss,epoch,step,val_loss
4.160492420196533,0,49,
5.384549140930176,0,99,
1.6751805543899536,0,149,
2.0530846118927,0,199,
0.8956981897354126,0,249,
0.5492855310440063,0,299,
,0,312,0.5893250107765198
0.6253984570503235,1,349,
0.27103644609451294,1,399,
0.23225027322769165,1,449,
0.37778860330581665,1,499,
0.4460972547531128,1,549,
0.2434374988079071,1,599,
,1,625,0.13989587128162384
