train_loss,epoch,step,val_loss
5.385038375854492,0,49,
2.9078378677368164,0,99,
3.7298219203948975,0,149,
1.3625428676605225,0,199,
0.7115511894226074,0,249,
0.22158555686473846,0,299,
,0,312,0.46483370661735535
0.32264840602874756,1,349,
0.250130832195282,1,399,
0.6930161118507385,1,449,
0.150114968419075,1,499,
0.18331676721572876,1,549,
0.18197447061538696,1,599,
,1,625,0.09672489762306213
