train_loss,epoch,step,val_loss
2.8547160625457764,0,49,
1.3213720321655273,0,99,
2.0457189083099365,0,149,
1.0070087909698486,0,199,
0.8474695086479187,0,249,
0.2784922122955322,0,299,
,0,312,0.38540565967559814
0.5239318013191223,1,349,
0.5576583743095398,1,399,
0.352729856967926,1,449,
0.21227702498435974,1,499,
0.1417020708322525,1,549,
0.44003117084503174,1,599,
,1,625,0.1682898849248886
