train_loss,epoch,step,val_loss
4.872772693634033,0,49,
2.2107856273651123,0,99,
4.532937526702881,0,149,
1.4437453746795654,0,199,
0.6245785355567932,0,249,
0.7243098616600037,0,299,
,0,312,0.8790250420570374
0.8061261773109436,1,349,
0.49296700954437256,1,399,
0.3223344087600708,1,449,
0.8422995805740356,1,499,
0.289143443107605,1,549,
0.3082823157310486,1,599,
,1,625,0.2451067864894867
