train_loss,epoch,step,val_loss
2.566190481185913,0,49,
1.3102672100067139,0,99,
0.8828338980674744,0,149,
3.351358413696289,0,199,
0.7650482654571533,0,249,
0.47804516553878784,0,299,
,0,312,0.2807041108608246
0.6332358121871948,1,349,
0.10485517233610153,1,399,
0.3461519181728363,1,449,
0.5219274163246155,1,499,
0.2609633207321167,1,549,
0.25795960426330566,1,599,
,1,625,0.0904308632016182
