train_loss,epoch,step,val_loss
5.527769088745117,0,49,
1.8201308250427246,0,99,
3.1779227256774902,0,149,
0.9255663156509399,0,199,
1.3153314590454102,0,249,
1.6284308433532715,0,299,
,0,312,0.7069941163063049
0.30720067024230957,1,349,
0.353766530752182,1,399,
0.24276460707187653,1,449,
0.16767124831676483,1,499,
0.4403057396411896,1,549,
0.35671499371528625,1,599,
