train_loss_step,grad_2_norm_step,epoch,step
0.8020545840263367,0.31208017468452454,0,9
0.800052285194397,0.2784515917301178,0,19
0.7948750853538513,0.2985559105873108,0,29
0.792008638381958,0.26665839552879333,0,39
0.7659921050071716,0.5940890312194824,0,49
0.6935495734214783,1.4289947748184204,0,59
