train_loss,epoch,step,val_loss
6.330578804016113,0,49,
4.863156795501709,0,99,
2.0770373344421387,0,149,
1.182196855545044,0,199,
0.45660603046417236,0,249,
0.5266068577766418,0,299,
,0,312,0.418091356754303
0.6038298606872559,1,349,
0.5835340619087219,1,399,
0.5125733017921448,1,449,
0.16377265751361847,1,499,
0.24927029013633728,1,549,
0.13692598044872284,1,599,
,1,625,0.1725313514471054
