train_loss,epoch,step,val_loss
3.9772226810455322,0,49,
2.3570938110351562,0,99,
2.00610089302063,0,149,
0.9633471965789795,0,199,
1.0087053775787354,0,249,
1.691136360168457,0,299,
,0,312,0.5874835848808289
0.5073803663253784,1,349,
0.3680514097213745,1,399,
0.7299826741218567,1,449,
0.8270173668861389,1,499,
0.21002620458602905,1,549,
0.31273162364959717,1,599,
,1,625,0.16263408958911896
