train_loss,epoch,step,val_loss
2.067673921585083,0,49,
1.31061851978302,0,99,
0.8667455315589905,0,149,
0.6709406971931458,0,199,
0.9119589328765869,0,249,
0.9044001698493958,0,299,
,0,312,1.3646728992462158
0.36350470781326294,1,349,
0.15173977613449097,1,399,
0.212041974067688,1,449,
0.5374628901481628,1,499,
0.4708884358406067,1,549,
0.25796574354171753,1,599,
,1,625,0.5175502300262451
