train_loss,epoch,step,val_loss
2.4080233573913574,0,49,
1.4481680393218994,0,99,
1.9515501260757446,0,149,
0.8150836825370789,0,199,
1.2645461559295654,0,249,
0.4199652373790741,0,299,
,0,312,0.9171677231788635
0.5882540345191956,1,349,
0.39444828033447266,1,399,
0.42662569880485535,1,449,
0.24400721490383148,1,499,
0.14743837714195251,1,549,
0.19741594791412354,1,599,
