train_loss,epoch,step,val_loss
3.460007667541504,0,49,
2.129075050354004,0,99,
2.205615758895874,0,149,
3.4306564331054688,0,199,
1.9591014385223389,0,249,
1.5044819116592407,0,299,
,0,312,0.5485449433326721
0.16310223937034607,1,349,
0.15356943011283875,1,399,
0.5904800891876221,1,449,
0.18431231379508972,1,499,
0.3458666503429413,1,549,
0.22752037644386292,1,599,
,1,625,0.21772879362106323
