train_loss,epoch,step
4.18499755859375,0,49
1.5193514823913574,0,99
1.1410655975341797,0,149
