train_loss,epoch,step,val_loss
2.312608003616333,0,49,
3.2382776737213135,0,99,
1.479975700378418,0,149,
0.7425714135169983,0,199,
0.3785568177700043,0,249,
0.6844098567962646,0,299,
,0,312,0.5808806419372559
0.7993172407150269,1,349,
0.8255000710487366,1,399,
0.4300006628036499,1,449,
0.3122614026069641,1,499,
0.4053649306297302,1,549,
0.5578934550285339,1,599,
,1,625,0.13628165423870087
