train_loss,epoch,step,val_loss
4.698002338409424,0,49,
3.441826105117798,0,99,
2.3041954040527344,0,149,
1.106394648551941,0,199,
2.256730079650879,0,249,
0.6864705681800842,0,299,
,0,312,0.987445592880249
0.3978799283504486,1,349,
0.9525822401046753,1,399,
0.5864204168319702,1,449,
0.16934829950332642,1,499,
0.34438037872314453,1,549,
0.32721954584121704,1,599,
,1,625,0.1528824269771576
