train_loss,epoch,step,val_loss
1.33987557888031,0,49,
2.0926830768585205,0,99,
1.6787614822387695,0,149,
0.5937256217002869,0,199,
0.5787116289138794,0,249,
0.38559645414352417,0,299,
,0,312,0.2994237542152405
0.2822658121585846,1,349,
0.2617475092411041,1,399,
0.1222577765583992,1,449,
0.13522301614284515,1,499,
0.3418506979942322,1,549,
1.0302547216415405,1,599,
,1,625,0.1256471425294876
