train_loss,epoch,step,val_loss
4.336943626403809,0,49,
1.0502101182937622,0,99,
2.257523775100708,0,149,
1.5037587881088257,0,199,
1.1029446125030518,0,249,
0.28739771246910095,0,299,
,0,312,0.6717170476913452
0.29779449105262756,1,349,
0.6216843128204346,1,399,
0.25770312547683716,1,449,
2.033233880996704,1,499,
0.2961525321006775,1,549,
0.20542879402637482,1,599,
,1,625,0.25285932421684265
