train_loss,epoch,step,val_loss
3.1480584144592285,0,49,
2.2302722930908203,0,99,
0.8569028973579407,0,149,
0.8671326041221619,0,199,
0.5464597940444946,0,249,
0.6449557542800903,0,299,
,0,312,0.31036603450775146
0.40900474786758423,1,349,
0.3145447075366974,1,399,
0.20728814601898193,1,449,
0.31044358015060425,1,499,
0.25857973098754883,1,549,
0.20271289348602295,1,599,
,1,625,0.14205330610275269
