train_loss,epoch,step
3.6184654235839844,0,49
2.426124334335327,0,99
1.539398193359375,0,149
