train_loss,epoch,step,val_loss
1.8334156274795532,0,49,
2.375990390777588,0,99,
1.6412756443023682,0,149,
1.278559923171997,0,199,
1.17084801197052,0,249,
0.5085258483886719,0,299,
,0,312,1.2088446617126465
0.5120246410369873,1,349,
0.29838675260543823,1,399,
0.1504163146018982,1,449,
0.1250886470079422,1,499,
0.16445060074329376,1,549,
0.5223453044891357,1,599,
,1,625,0.27715441584587097
