train_loss,epoch,step,val_loss
3.9324355125427246,0,49,
2.60032320022583,0,99,
1.1470186710357666,0,149,
1.275285005569458,0,199,
2.7888355255126953,0,249,
1.0761282444000244,0,299,
,0,312,1.4962234497070312
0.6816772818565369,1,349,
0.5368314385414124,1,399,
0.9640944004058838,1,449,
0.31653791666030884,1,499,
0.31749069690704346,1,549,
0.22476495802402496,1,599,
,1,625,0.2973920404911041
