train_loss,epoch,step,val_loss
5.089459419250488,0,49,
2.119467258453369,0,99,
2.5860888957977295,0,149,
3.2983896732330322,0,199,
0.8382025957107544,0,249,
0.5193356871604919,0,299,
,0,312,0.6352017521858215
1.064960241317749,1,349,
