train_loss,epoch,step,val_loss
1.1889851093292236,0,49,
1.3788611888885498,0,99,
1.3485172986984253,0,149,
0.631492018699646,0,199,
4.27013635635376,0,249,
0.35613495111465454,0,299,
,0,312,0.6766359806060791
0.2234620451927185,1,349,
0.49267321825027466,1,399,
0.17828333377838135,1,449,
0.3768838942050934,1,499,
0.2261693775653839,1,549,
0.47293150424957275,1,599,
,1,625,0.19540853798389435
