train_loss,epoch,step,val_loss
2.305492877960205,0,49,
1.2823418378829956,0,99,
1.4304605722427368,0,149,
1.291715145111084,0,199,
1.5521233081817627,0,249,
0.6441640257835388,0,299,
,0,312,0.5759972333908081
0.5633552074432373,1,349,
