train_loss,epoch,step,val_loss
2.3166491985321045,0,49,
2.7463436126708984,0,99,
2.52614688873291,0,149,
1.6963430643081665,0,199,
0.5573819279670715,0,249,
1.0537723302841187,0,299,
,0,312,1.3110160827636719
0.5953562259674072,1,349,
0.4932110011577606,1,399,
0.41271379590034485,1,449,
0.27502405643463135,1,499,
0.3408525586128235,1,549,
0.17461304366588593,1,599,
,1,625,0.28837254643440247
