train_loss,epoch,step
3.3634679317474365,0,49
6.478734970092773,0,99
1.5863962173461914,0,149
