train_loss,epoch,step,val_loss
3.276644229888916,0,49,
3.3537583351135254,0,99,
2.6905128955841064,0,149,
0.8885310888290405,0,199,
0.5011813044548035,0,249,
0.44311460852622986,0,299,
,0,312,0.40807464718818665
0.5345632433891296,1,349,
0.2520327866077423,1,399,
0.7247681617736816,1,449,
0.20827141404151917,1,499,
0.25793927907943726,1,549,
0.30074504017829895,1,599,
,1,625,0.1150306910276413
