train_loss,epoch,step,val_loss
3.6276378631591797,0,49,
1.0602973699569702,0,99,
2.8764586448669434,0,149,
1.1889047622680664,0,199,
1.000413417816162,0,249,
1.1563078165054321,0,299,
,0,312,0.8117111325263977
0.1764446198940277,1,349,
0.12607130408287048,1,399,
0.15533770620822906,1,449,
0.33408525586128235,1,499,
0.3459317088127136,1,549,
0.1584772765636444,1,599,
,1,625,0.46684005856513977
