train_loss,epoch,step,val_loss
2.983733654022217,0,49,
2.779249429702759,0,99,
2.3735952377319336,0,149,
1.796651840209961,0,199,
0.9065964221954346,0,249,
0.2383563369512558,0,299,
,0,312,0.642648458480835
0.5555481910705566,1,349,
0.13866300880908966,1,399,
0.3316839635372162,1,449,
0.34972885251045227,1,499,
0.12635457515716553,1,549,
0.28170090913772583,1,599,
,1,625,0.20098114013671875
