train_loss,epoch,step,val_loss
6.665708541870117,0,49,
3.1103267669677734,0,99,
1.5165578126907349,0,149,
1.515608787536621,0,199,
1.9155277013778687,0,249,
1.5439671277999878,0,299,
,0,312,0.6263110637664795
0.5587577223777771,1,349,
0.9685124158859253,1,399,
0.37688344717025757,1,449,
1.3553986549377441,1,499,
0.27689382433891296,1,549,
0.20193052291870117,1,599,
,1,625,0.20967406034469604
