train_loss,epoch,step,val_loss
6.090897560119629,0,49,
1.6322927474975586,0,99,
1.6062376499176025,0,149,
3.983691930770874,0,199,
0.7565297484397888,0,249,
0.8912155032157898,0,299,
,0,312,1.9277111291885376
0.39613670110702515,1,349,
3.1916375160217285,1,399,
0.7572844624519348,1,449,
0.4596444070339203,1,499,
0.32933908700942993,1,549,
0.3140755891799927,1,599,
,1,625,0.36722156405448914
