train_loss,epoch,step,val_loss
2.0721704959869385,0,49,
1.2493197917938232,0,99,
0.8568516969680786,0,149,
4.2523908615112305,0,199,
0.6263563632965088,0,249,
1.0777391195297241,0,299,
,0,312,0.15365861356258392
0.33047276735305786,1,349,
0.31691354513168335,1,399,
0.28718116879463196,1,449,
0.1444697231054306,1,499,
0.15673919022083282,1,549,
0.16704720258712769,1,599,
,1,625,0.07562406361103058
