train_loss,epoch,step,val_loss
2.0060360431671143,0,49,
1.856808066368103,0,99,
4.969017028808594,0,149,
0.5645736455917358,0,199,
0.734516441822052,0,249,
0.395330011844635,0,299,
,0,312,0.2972615659236908
0.4056566059589386,1,349,
0.560168445110321,1,399,
0.38710302114486694,1,449,
1.6648681163787842,1,499,
0.2165532261133194,1,549,
0.18150445818901062,1,599,
,1,625,0.09667876362800598
