train_loss,epoch,step,val_loss
6.217554092407227,0,49,
2.769101619720459,0,99,
2.882164239883423,0,149,
1.9396867752075195,0,199,
1.2747178077697754,0,249,
2.0174717903137207,0,299,
,0,312,0.5627766251564026
0.43016934394836426,1,349,
0.31415724754333496,1,399,
1.1827336549758911,1,449,
0.6575557589530945,1,499,
0.2554924488067627,1,549,
0.2918534278869629,1,599,
,1,625,0.19358807802200317
