train_loss,epoch,step,val_loss
2.7736339569091797,0,49,
1.05634605884552,0,99,
2.0713300704956055,0,149,
1.9638928174972534,0,199,
0.6747867465019226,0,249,
2.6917295455932617,0,299,
,0,312,0.8360791206359863
