train_loss,epoch,step,val_loss
1.8554102182388306,0,49,
1.1778197288513184,0,99,
0.6570718884468079,0,149,
1.036144733428955,0,199,
0.5530727505683899,0,249,
0.1832202970981598,0,299,
,0,312,0.5009132623672485
