train_loss,epoch,step,val_loss
2.089164972305298,0,49,
1.679478645324707,0,99,
0.821033239364624,0,149,
2.0824270248413086,0,199,
0.41257691383361816,0,249,
1.2172279357910156,0,299,
,0,312,0.6951448917388916
0.44655829668045044,1,349,
0.17213593423366547,1,399,
2.5552456378936768,1,449,
0.16551464796066284,1,499,
1.1678550243377686,1,549,
0.15475144982337952,1,599,
,1,625,0.15426619350910187
