train_loss,epoch,step,val_loss
4.259213447570801,0,49,
3.1343233585357666,0,99,
4.324366092681885,0,149,
1.7558271884918213,0,199,
0.6009988188743591,0,249,
0.7291322946548462,0,299,
,0,312,2.1907248497009277
0.4319811165332794,1,349,
0.7038962841033936,1,399,
0.4660957455635071,1,449,
0.697839081287384,1,499,
0.30387240648269653,1,549,
0.2565382719039917,1,599,
,1,625,0.4746164381504059
