train_loss,epoch,step,val_loss
3.3274102210998535,0,49,
2.3019802570343018,0,99,
2.5300445556640625,0,149,
1.6322836875915527,0,199,
1.2500334978103638,0,249,
1.3029167652130127,0,299,
,0,312,0.6275053024291992
0.5720968246459961,1,349,
0.19784189760684967,1,399,
0.6977853775024414,1,449,
0.9263218641281128,1,499,
0.3637292981147766,1,549,
0.10205083340406418,1,599,
,1,625,0.12883958220481873
