train_loss,epoch,step,val_loss
3.5399010181427,0,49,
2.645876407623291,0,99,
1.3736706972122192,0,149,
1.3846690654754639,0,199,
0.4797309935092926,0,249,
0.7494194507598877,0,299,
,0,312,0.7161895036697388
0.17855848371982574,1,349,
0.5786687135696411,1,399,
0.28103241324424744,1,449,
0.09769940376281738,1,499,
0.1789848655462265,1,549,
0.2112543135881424,1,599,
,1,625,0.15202921628952026
