train_loss,epoch,step,val_loss
2.2224884033203125,0,49,
1.5921249389648438,0,99,
4.374355792999268,0,149,
2.2388076782226562,0,199,
0.4166920781135559,0,249,
0.46790432929992676,0,299,
,0,312,0.7920231819152832
0.2960602045059204,1,349,
1.113153338432312,1,399,
0.42041367292404175,1,449,
0.5017364025115967,1,499,
0.2244766801595688,1,549,
0.1839706003665924,1,599,
,1,625,0.17694193124771118
